id,first_name,last_name,email,gender,ip_address,country
1,Mariska,Mowles,mmowles0@ask.com,Female,252.16.47.224,Uganda
2,Hunfredo,Coaten,hcoaten1@rakuten.co.jp,Male,59.255.78.56,Ivory Coast
3,Kim,Sedman,ksedman2@cbsnews.com,Male,218.176.249.255,Indonesia
4,Meredithe,Haslegrave,mhaslegrave3@studiopress.com,Female,126.137.190.86,Portugal
5,Anjela,Larkins,alarkins4@lulu.com,Female,36.247.158.199,Philippines
6,Lauree,Gorhardt,lgorhardt5@fastcompany.com,Female,219.209.193.250,Ukraine
7,Analise,Guarnier,aguarnier6@surveymonkey.com,Female,198.31.138.105,Portugal
8,Morly,Woolager,mwoolager7@huffingtonpost.com,Male,234.242.205.166,Cuba
9,Angelica,Addey,aaddey8@about.com,Female,137.244.144.77,Ivory Coast
10,Layne,Quarrell,lquarrell9@cocolog-nifty.com,Female,243.60.203.100,Bangladesh
11,Louie,Gossage,lgossagea@ed.gov,Male,105.7.123.110,Poland
12,Ines,Paulley,ipaulleyb@seattletimes.com,Female,64.119.79.112,Indonesia
13,Gary,De Paoli,gdepaolic@devhub.com,Male,201.17.228.205,Colombia
14,Silas,Filipovic,sfilipovicd@storify.com,Male,181.40.150.200,Russia
15,Phaedra,Hartil,phartile@ox.ac.uk,Female,13.79.12.200,Poland
16,Gerhardine,Ballam,gballamf@yolasite.com,Female,103.230.67.194,China
17,Winna,Carlone,wcarloneg@paginegialle.it,Female,98.6.144.147,Poland
18,Ruperta,Duerden,rduerdenh@zdnet.com,Female,26.117.179.170,Slovenia
19,Tanny,Pretsell,tpretselli@engadget.com,Male,74.233.114.8,China
20,Kain,Blowes,kblowesj@nifty.com,Male,166.129.111.202,China
21,Orsa,Shawyers,oshawyersk@seattletimes.com,Female,54.196.73.231,France
22,Clarinda,Milier,cmilierl@berkeley.edu,Female,157.27.173.152,Canada
23,Skipp,Lilliman,slillimanm@yellowpages.com,Male,137.182.180.233,Indonesia
24,Tades,Somner,tsomnern@va.gov,Male,143.199.138.101,Thailand
25,Lavena,Harome,lharomeo@earthlink.net,Female,64.120.136.142,China
26,Wang,Salvador,wsalvadorp@networkadvertising.org,Male,131.79.14.90,Thailand
27,Marj,Von Oertzen,mvonoertzenq@rakuten.co.jp,Female,149.165.196.162,Sweden
28,Monro,Marusik,mmarusikr@cnn.com,Male,194.204.15.126,China
29,Leodora,Girsch,lgirschs@squidoo.com,Female,150.6.184.64,China
30,Christie,Posthill,cposthillt@flickr.com,Male,254.72.186.233,Poland
31,Edna,Eassom,eeassomu@jugem.jp,Female,137.155.63.133,Gambia
32,Hoyt,Jacklin,hjacklinv@nytimes.com,Male,146.159.64.221,United States
33,Marian,Northway,mnorthwayw@desdev.cn,Female,70.16.120.64,China
34,Valdemar,Bickerstaff,vbickerstaffx@people.com.cn,Male,55.245.182.229,Sweden
35,Vivianne,Franciotti,vfranciottiy@tripadvisor.com,Female,77.74.138.130,Russia
36,Elberta,Rubinsohn,erubinsohnz@example.com,Female,199.34.207.180,Tajikistan
37,Bern,Blackborow,bblackborow10@sourceforge.net,Male,150.107.94.42,East Timor
38,Zerk,Hayer,zhayer11@yolasite.com,Male,125.225.152.219,Brazil
39,Elden,Lampitt,elampitt12@china.com.cn,Male,5.223.50.2,China
40,Lucina,Wace,lwace13@godaddy.com,Female,236.142.223.18,Indonesia
41,Klaus,Lawee,klawee14@soup.io,Male,1.237.186.242,Argentina
42,Kerry,Reader,kreader15@sakura.ne.jp,Male,230.224.95.249,Croatia
43,Ruthann,Skelhorne,rskelhorne16@who.int,Female,29.199.241.33,Indonesia
44,Emlen,Wigelsworth,ewigelsworth17@devhub.com,Male,91.215.81.211,Czech Republic
45,Fergus,Budnik,fbudnik18@umn.edu,Male,161.167.89.52,Brazil
46,Ruth,Le Gall,rlegall19@prlog.org,Female,89.95.165.91,Portugal
47,Damita,Keir,dkeir1a@xrea.com,Female,95.9.129.131,Russia
48,Loralyn,Grimwood,lgrimwood1b@auda.org.au,Female,148.46.149.35,Philippines
49,Dode,MacRury,dmacrury1c@devhub.com,Female,78.135.151.86,Vietnam
50,Bess,Vosse,bvosse1d@cbslocal.com,Female,245.208.165.29,Philippines
51,Giacobo,Clamo,gclamo1e@google.com.hk,Male,100.244.90.3,Indonesia
52,Jess,Monget,jmonget1f@shop-pro.jp,Female,224.238.63.65,Portugal
53,Lynnelle,Watling,lwatling1g@microsoft.com,Female,145.170.219.18,Peru
54,Jasun,Tuting,jtuting1h@flavors.me,Male,94.24.97.233,China
55,Amalea,Frostdick,afrostdick1i@chronoengine.com,Female,164.194.16.4,Indonesia
56,Brewer,Dandy,bdandy1j@dagondesign.com,Male,81.176.92.25,Serbia
57,Helenka,Caldecott,hcaldecott1k@51.la,Female,166.126.124.251,Philippines
58,Angy,Cuffin,acuffin1l@slideshare.net,Female,177.237.195.247,Brazil
59,Klement,Colebeck,kcolebeck1m@artisteer.com,Male,128.40.9.110,Chad
60,Abbe,Vertey,avertey1n@lulu.com,Male,197.111.30.137,Vietnam
61,Carri,Kirke,ckirke1o@toplist.cz,Female,35.162.145.195,Dominica
62,Kellina,Tuckey,ktuckey1p@theglobeandmail.com,Female,96.226.85.217,China
63,Tine,Verbruggen,tverbruggen1q@statcounter.com,Female,215.78.222.76,China
64,Skipp,Warlton,swarlton1r@usda.gov,Male,147.80.31.159,Brazil
65,Tamarra,Fuentes,tfuentes1s@bluehost.com,Female,223.110.163.21,Australia
66,Ezmeralda,Ussher,eussher1t@hubpages.com,Female,131.93.173.230,Finland
67,Renaud,Auld,rauld1u@patch.com,Male,43.102.125.22,China
68,Linet,Tiebe,ltiebe1v@wikispaces.com,Female,181.202.161.81,Portugal
69,Farlee,Perel,fperel1w@ebay.co.uk,Male,233.32.204.73,Colombia
70,Jeddy,Mocker,jmocker1x@google.co.uk,Male,185.170.106.210,China
71,Jehu,Thomann,jthomann1y@paginegialle.it,Male,244.217.118.124,Mexico
72,Debbi,Greenly,dgreenly1z@zimbio.com,Female,113.109.11.168,Belarus
73,Inesita,Biddle,ibiddle20@taobao.com,Female,121.53.113.216,Japan
74,Marilee,Arons,marons21@ox.ac.uk,Female,228.62.62.15,Afghanistan
75,Lorne,Probey,lprobey22@virginia.edu,Male,170.143.173.209,Russia
76,Ximenez,Tomlin,xtomlin23@unblog.fr,Male,44.120.75.11,Greece
77,Jammie,Camillo,jcamillo24@topsy.com,Female,68.89.109.174,Portugal
78,Roxanna,Robion,rrobion25@ustream.tv,Female,129.52.163.251,China
79,Olin,Benito,obenito26@columbia.edu,Male,59.77.95.23,China
80,Carolus,Bruyett,cbruyett27@naver.com,Male,102.231.137.203,France
81,Delmor,Beddin,dbeddin28@pagesperso-orange.fr,Male,121.48.106.118,China
82,Louis,Maggiori,lmaggiori29@yellowbook.com,Male,209.79.183.115,China
83,Lula,de Castelain,ldecastelain2a@pinterest.com,Female,64.127.99.25,Chile
84,Sylvan,Wattisham,swattisham2b@businessweek.com,Male,176.202.101.242,Norway
85,Helen,Ceaplen,hceaplen2c@stanford.edu,Female,157.32.46.250,China
86,Dennison,Andryunin,dandryunin2d@clickbank.net,Male,106.101.85.203,Iceland
87,Starr,Harmes,sharmes2e@wisc.edu,Female,37.45.104.253,China
88,Maximilianus,Shawl,mshawl2f@ted.com,Male,44.110.220.78,Vietnam
89,Silvie,Elizabeth,selizabeth2g@godaddy.com,Female,13.89.194.25,South Africa
90,Zilvia,Shevlin,zshevlin2h@va.gov,Female,118.106.26.204,Thailand
91,Halimeda,McGarva,hmcgarva2i@cmu.edu,Female,0.97.215.166,China
92,Wally,Nani,wnani2j@cafepress.com,Female,99.162.31.181,Indonesia
93,Lynn,Georgi,lgeorgi2k@flickr.com,Female,91.104.69.199,China
94,Gus,Gawne,ggawne2l@paypal.com,Female,190.129.99.84,China
95,Maynord,Dooley,mdooley2m@yellowbook.com,Male,203.83.45.230,Ireland
96,Arnoldo,Ferrulli,aferrulli2n@amazon.co.jp,Male,98.218.230.103,Thailand
97,Stace,MacAskill,smacaskill2o@uol.com.br,Female,131.49.24.79,Philippines
98,Duane,Bolsover,dbolsover2p@addtoany.com,Male,93.162.69.16,Greece
99,Abbot,Gladwell,agladwell2q@hao123.com,Male,33.28.145.213,Spain
100,Guntar,Cattow,gcattow2r@japanpost.jp,Male,139.46.181.225,Poland
101,Hettie,Wrathmall,hwrathmall2s@pinterest.com,Female,218.181.72.57,China
102,Sampson,Rehor,srehor2t@parallels.com,Male,123.1.66.234,Russia
103,Leigh,Wrout,lwrout2u@51.la,Female,147.216.74.88,Indonesia
104,Aviva,Pennicard,apennicard2v@nba.com,Female,214.158.104.109,Canada
105,Temple,Purcell,tpurcell2w@newyorker.com,Male,211.187.50.68,Canada
106,Palmer,Scathard,pscathard2x@linkedin.com,Male,216.216.28.31,Czech Republic
107,Horatia,Gammidge,hgammidge2y@tiny.cc,Female,90.13.51.135,Nigeria
108,Abel,Munkley,amunkley2z@amazon.co.uk,Male,122.199.199.179,Panama
109,Chelsie,Maynell,cmaynell30@harvard.edu,Female,225.121.72.227,Philippines
110,Mead,Goalby,mgoalby31@intel.com,Female,113.52.241.37,Vietnam
111,Loretta,Litterick,llitterick32@cargocollective.com,Female,165.78.3.68,Indonesia
112,Andrey,Greenhalgh,agreenhalgh33@amazon.de,Male,86.185.9.124,Brazil
113,Merle,Pagin,mpagin34@cmu.edu,Female,0.250.101.102,Ukraine
114,Leland,Fazzioli,lfazzioli35@nba.com,Female,125.150.239.7,Pakistan
115,Michail,Cauldfield,mcauldfield36@unicef.org,Male,24.49.181.78,Brazil
116,Shanta,Gobell,sgobell37@simplemachines.org,Female,93.196.250.92,United States
117,Stanislaus,Corona,scorona38@photobucket.com,Male,164.2.239.114,France
118,Karie,Routham,kroutham39@godaddy.com,Female,131.30.209.103,Albania
119,Alexandro,Smewings,asmewings3a@unc.edu,Male,230.6.37.145,Japan
120,Frederick,Huffey,fhuffey3b@wired.com,Male,38.97.115.125,Russia
121,Stacy,Ronchi,sronchi3c@mlb.com,Male,52.231.149.225,Indonesia
122,Nester,Simanenko,nsimanenko3d@geocities.jp,Male,186.243.184.241,Sweden
123,Gladys,Goodding,ggoodding3e@1688.com,Female,249.85.41.97,China
124,Klemens,Stimson,kstimson3f@state.gov,Male,253.107.84.176,Malaysia
125,Adriena,Legg,alegg3g@feedburner.com,Female,182.20.73.123,Russia
126,Roch,Waterland,rwaterland3h@gizmodo.com,Female,74.158.111.123,Sweden
127,Upton,Burdytt,uburdytt3i@bloglines.com,Male,117.196.107.224,Marshall Islands
128,Nicky,Smouten,nsmouten3j@epa.gov,Female,11.32.236.56,China
129,Tabitha,Volonte,tvolonte3k@drupal.org,Female,147.85.228.191,France
130,Emile,Mardell,emardell3l@theglobeandmail.com,Male,121.66.238.33,China
131,Clementina,Croydon,ccroydon3m@homestead.com,Female,116.15.151.160,Pakistan
132,Zachery,Starmore,zstarmore3n@blogs.com,Male,85.11.42.43,Costa Rica
133,Durward,Brandom,dbrandom3o@tuttocitta.it,Male,214.151.208.58,Sweden
134,Rhea,Hessle,rhessle3p@1688.com,Female,154.16.73.50,China
135,Merissa,Gouly,mgouly3q@reddit.com,Female,151.121.104.224,Mexico
136,Pat,Augustine,paugustine3r@webs.com,Female,183.123.80.228,China
137,Perrine,Armer,parmer3s@theglobeandmail.com,Female,149.178.0.115,Indonesia
138,Kathleen,Radoux,kradoux3t@theglobeandmail.com,Female,52.188.78.235,Colombia
139,Wildon,Clarson,wclarson3u@dot.gov,Male,129.143.77.178,Argentina
140,Courtney,Seefeldt,cseefeldt3v@istockphoto.com,Female,252.69.242.64,Turkmenistan
141,Piggy,Roberson,proberson3w@patch.com,Male,221.167.60.151,Russia
142,Darb,Peperell,dpeperell3x@weebly.com,Male,28.89.131.38,Slovenia
143,Cosmo,Pirt,cpirt3y@hubpages.com,Male,69.0.95.234,China
144,Emma,Merioth,emerioth3z@wikia.com,Female,42.250.89.234,Indonesia
145,Olvan,Lovick,olovick40@yale.edu,Male,15.49.176.84,Brazil
146,Skelly,Beig,sbeig41@people.com.cn,Male,125.84.43.171,China
147,Jillian,Bouchier,jbouchier42@patch.com,Female,42.224.72.199,Croatia
148,Keely,Gregor,kgregor43@huffingtonpost.com,Female,5.168.199.51,Indonesia
149,Grace,Swindon,gswindon44@altervista.org,Female,213.201.68.86,Sweden
150,Camella,Gillfillan,cgillfillan45@archive.org,Female,182.172.182.103,Russia
151,Ives,Grellier,igrellier46@privacy.gov.au,Male,122.23.244.155,China
152,Patricio,Thorbon,pthorbon47@yellowpages.com,Male,235.192.166.88,Indonesia
153,Rochell,Wasteney,rwasteney48@sogou.com,Female,2.38.118.141,Uzbekistan
154,Malorie,Osgar,mosgar49@sogou.com,Female,82.158.26.250,United States
155,Bell,Lowseley,blowseley4a@posterous.com,Female,59.252.40.152,China
156,Juanita,Hatchman,jhatchman4b@wisc.edu,Female,68.33.0.238,Lithuania
157,Donny,Bissett,dbissett4c@answers.com,Female,210.37.74.106,Zambia
158,Wilden,De Clairmont,wdeclairmont4d@examiner.com,Male,10.108.72.172,Hungary
159,Kasey,Ibbs,kibbs4e@youtube.com,Female,196.199.167.3,Ukraine
160,Zechariah,Massy,zmassy4f@gravatar.com,Male,207.17.57.115,Bulgaria
161,Sabrina,Fielder,sfielder4g@stumbleupon.com,Female,56.115.225.205,China
162,Osbert,Lloyd-Williams,olloydwilliams4h@aboutads.info,Male,15.100.92.40,Philippines
163,Job,Peet,jpeet4i@artisteer.com,Male,114.109.36.145,Thailand
164,Allx,Caswill,acaswill4j@nifty.com,Female,185.127.219.184,Ukraine
165,Bryce,Peerman,bpeerman4k@rakuten.co.jp,Male,122.10.142.139,Ukraine
166,Wilmar,Phizackarley,wphizackarley4l@unc.edu,Male,253.107.201.166,Indonesia
167,Karleen,MacKean,kmackean4m@deliciousdays.com,Female,192.98.6.116,United States
168,Pernell,Willoway,pwilloway4n@csmonitor.com,Male,106.93.63.213,China
169,Norri,Bayfield,nbayfield4o@nyu.edu,Female,16.143.186.187,China
170,Carree,Baiden,cbaiden4p@is.gd,Female,52.208.112.167,Germany
171,Conni,Bordiss,cbordiss4q@forbes.com,Female,30.0.107.74,Belarus
172,Armstrong,Farrens,afarrens4r@ibm.com,Male,230.114.124.228,Venezuela
173,Bevvy,Penman,bpenman4s@mlb.com,Female,234.88.192.154,Philippines
174,Garv,Worham,gworham4t@typepad.com,Male,99.71.143.17,Philippines
175,Gennie,Acres,gacres4u@biblegateway.com,Female,186.228.37.219,Brazil
176,Gage,Simpkin,gsimpkin4v@etsy.com,Male,8.85.185.159,Ecuador
177,Oralee,Shattock,oshattock4w@comsenz.com,Female,93.109.138.11,Sweden
178,Jock,Vasin,jvasin4x@cpanel.net,Male,4.156.44.71,Guatemala
179,Adolphus,Bussel,abussel4y@blinklist.com,Male,11.122.2.242,China
180,Zed,Narraway,znarraway4z@unblog.fr,Male,98.215.154.99,Ukraine
181,Dodi,Antosch,dantosch50@whitehouse.gov,Female,241.87.136.85,China
182,Gage,Devin,gdevin51@t-online.de,Male,104.169.1.252,United States
183,Cristiano,Roddick,croddick52@sourceforge.net,Male,171.8.110.121,Poland
184,Billie,Yate,byate53@friendfeed.com,Female,65.246.168.193,China
185,Stanford,Speck,sspeck54@nasa.gov,Male,76.79.29.54,Tajikistan
186,Yettie,McCourtie,ymccourtie55@uol.com.br,Female,253.176.34.166,Micronesia
187,Aggi,Dimberline,adimberline56@jimdo.com,Female,181.250.130.170,Ukraine
188,Cleopatra,Giacobbo,cgiacobbo57@ocn.ne.jp,Female,235.99.99.111,Ukraine
189,Orlan,Corcoran,ocorcoran58@marriott.com,Male,28.59.220.82,Sudan
190,Shayne,Hedling,shedling59@bandcamp.com,Male,115.215.62.86,China
191,Jarret,Meineking,jmeineking5a@mozilla.org,Male,49.244.191.66,Poland
192,Chandra,Ragless,cragless5b@home.pl,Female,187.90.195.149,Ukraine
193,Had,Yair,hyair5c@networkadvertising.org,Male,23.174.227.88,Brazil
194,Obadias,Sprake,osprake5d@elpais.com,Male,112.99.98.167,Albania
195,Danell,Kingwell,dkingwell5e@comcast.net,Female,180.178.212.239,China
196,Kathrine,Duddridge,kduddridge5f@marriott.com,Female,116.146.8.37,Canada
197,Chan,Broadbere,cbroadbere5g@tiny.cc,Male,207.220.31.33,Iran
198,Ruggiero,Brimman,rbrimman5h@over-blog.com,Male,10.252.238.179,Portugal
199,Corty,Plesing,cplesing5i@list-manage.com,Male,228.47.227.145,Brazil
200,Lucio,Flower,lflower5j@seesaa.net,Male,55.219.226.41,Czech Republic
201,Rollin,Fayne,rfayne5k@nasa.gov,Male,207.164.113.239,Czech Republic
202,Loralee,Venmore,lvenmore5l@google.cn,Female,67.161.45.200,China
203,Ingeborg,Videan,ividean5m@nymag.com,Female,114.102.221.223,Jamaica
204,Janek,Foale,jfoale5n@newyorker.com,Male,102.235.149.153,Brazil
205,Fernande,Crann,fcrann5o@nsw.gov.au,Female,107.130.185.19,Indonesia
206,Ninon,Bullcock,nbullcock5p@usatoday.com,Female,47.202.83.253,Japan
207,Prudy,McInility,pmcinility5q@wisc.edu,Female,242.46.220.213,Philippines
208,Tobin,Szanto,tszanto5r@yale.edu,Male,26.105.133.195,Poland
209,Silvio,Kilmartin,skilmartin5s@examiner.com,Male,184.100.95.230,China
210,Chick,Linkie,clinkie5t@census.gov,Male,165.119.95.138,Czech Republic
211,Eleonore,Haszard,ehaszard5u@sbwire.com,Female,123.184.33.55,China
212,Daniela,Napoleone,dnapoleone5v@msn.com,Female,206.154.222.149,Dominican Republic
213,Fayette,Gligorijevic,fgligorijevic5w@yelp.com,Female,204.4.173.160,Indonesia
214,Talia,Ramelot,tramelot5x@wisc.edu,Female,218.228.161.237,Brazil
215,Rosemary,McIlwain,rmcilwain5y@irs.gov,Female,129.211.123.39,Slovenia
216,Crissy,Pischoff,cpischoff5z@imageshack.us,Female,226.66.98.134,Japan
217,Mattheus,Weatherall,mweatherall60@who.int,Male,231.170.225.201,Indonesia
218,Ham,Neill,hneill61@discovery.com,Male,189.232.255.57,Sweden
219,Kimble,O'Caherny,kocaherny62@list-manage.com,Male,105.148.162.183,Belarus
220,Jenica,Groom,jgroom63@state.tx.us,Female,121.150.176.209,France
221,Tim,Menendes,tmenendes64@cnet.com,Male,123.169.114.253,United States
222,Genia,Brumby,gbrumby65@cocolog-nifty.com,Female,199.188.144.124,Philippines
223,Eyde,Busfield,ebusfield66@webnode.com,Female,11.179.52.35,Poland
224,Erroll,Sleeford,esleeford67@mayoclinic.com,Male,217.48.250.73,Niger
225,Thaxter,Lavallie,tlavallie68@bandcamp.com,Male,236.88.64.80,Zambia
226,Annamarie,Elington,aelington69@marketwatch.com,Female,14.34.143.104,Indonesia
227,Drugi,Heine,dheine6a@wsj.com,Male,125.251.66.167,Mauritania
228,Ainslee,Iddenden,aiddenden6b@psu.edu,Female,192.75.240.231,Honduras
229,Elisabetta,Pinchbeck,epinchbeck6c@furl.net,Female,220.194.75.248,Vietnam
230,Roxy,Meharg,rmeharg6d@nytimes.com,Female,137.87.152.21,China
231,Jean,Lambersen,jlambersen6e@howstuffworks.com,Male,36.163.191.156,China
232,Rosene,Castagnaro,rcastagnaro6f@de.vu,Female,80.247.236.14,Guatemala
233,Nicolais,Sharratt,nsharratt6g@netvibes.com,Male,186.11.25.65,France
234,Olvan,Bulward,obulward6h@senate.gov,Male,1.61.244.108,China
235,Kipp,Porteous,kporteous6i@cnn.com,Male,36.112.209.82,Philippines
236,Thurstan,Aymes,taymes6j@ucoz.ru,Male,44.19.224.203,Brazil
237,Gizela,Warrior,gwarrior6k@ft.com,Female,191.209.95.189,United Kingdom
238,Mei,Lockery,mlockery6l@wikia.com,Female,204.251.6.135,Sweden
239,Jareb,O'Lennachain,jolennachain6m@techcrunch.com,Male,52.152.145.66,Indonesia
240,Josy,Shakspeare,jshakspeare6n@deliciousdays.com,Female,140.63.138.252,Pakistan
241,Bernardine,Jaray,bjaray6o@multiply.com,Female,66.221.253.79,Indonesia
242,Grange,Cohr,gcohr6p@nydailynews.com,Male,71.231.252.216,China
243,Town,Vedmore,tvedmore6q@github.io,Male,133.127.136.231,Brunei
244,Elroy,Drowsfield,edrowsfield6r@fc2.com,Male,195.50.5.181,Colombia
245,Adriano,Jalland,ajalland6s@nbcnews.com,Male,179.115.64.147,Poland
246,Shalom,Leipold,sleipold6t@trellian.com,Male,109.185.2.187,Ethiopia
247,Jase,Leadstone,jleadstone6u@earthlink.net,Male,73.117.39.208,Syria
248,Thorsten,Blasl,tblasl6v@dot.gov,Male,68.124.178.202,China
249,Catlaina,Twinbrow,ctwinbrow6w@rediff.com,Female,238.206.170.182,Russia
250,Dyanna,Lippi,dlippi6x@rambler.ru,Female,4.0.228.34,Benin
251,Deeyn,Kubala,dkubala6y@un.org,Female,10.91.122.184,China
252,Ertha,Kabisch,ekabisch6z@com.com,Female,79.229.14.172,Indonesia
253,Jules,Nitti,jnitti70@soup.io,Male,77.33.117.17,Japan
254,Deanne,Monelli,dmonelli71@vimeo.com,Female,33.84.46.159,Brazil
255,Merv,Bricknall,mbricknall72@usa.gov,Male,120.252.142.84,China
256,Reine,Bugdall,rbugdall73@google.co.jp,Female,36.184.112.171,France
257,Freedman,Olivo,folivo74@mapy.cz,Male,167.161.225.52,Indonesia
258,Valma,Mico,vmico75@google.com.br,Female,235.65.116.84,Sierra Leone
259,Clerissa,Tummasutti,ctummasutti76@virginia.edu,Female,15.193.69.56,Russia
260,Jessie,Dopson,jdopson77@jigsy.com,Male,59.55.221.78,Indonesia
261,Abbe,Pillington,apillington78@nytimes.com,Male,164.194.172.31,Russia
262,Frans,Cheeseman,fcheeseman79@facebook.com,Male,94.62.115.74,Portugal
263,Elton,Yaknov,eyaknov7a@springer.com,Male,174.11.151.231,South Africa
264,Dian,Ciotto,dciotto7b@123-reg.co.uk,Female,135.109.65.134,United States
265,Ilka,Style,istyle7c@people.com.cn,Female,2.111.224.80,Brazil
266,Niven,Pandey,npandey7d@cpanel.net,Male,49.33.76.84,Slovenia
267,Dannie,Whelan,dwhelan7e@ucoz.com,Male,121.91.44.152,Palestinian Territory
268,Sharai,Alben,salben7f@discovery.com,Female,30.2.244.149,Mexico
269,Annetta,Tattoo,atattoo7g@naver.com,Female,250.86.204.152,China
270,Malachi,Amburgy,mamburgy7h@techcrunch.com,Male,207.98.71.132,China
271,Valenka,Napthine,vnapthine7i@hibu.com,Female,32.232.17.39,Brazil
272,Courtnay,Bruyns,cbruyns7j@goodreads.com,Male,159.77.233.70,China
273,Briant,Brundell,bbrundell7k@cocolog-nifty.com,Male,71.237.106.151,China
274,Gabriele,Pyner,gpyner7l@businessweek.com,Male,107.15.190.46,Zimbabwe
275,Shoshana,Willmot,swillmot7m@goodreads.com,Female,223.195.169.30,Canada
276,Elbert,Flewett,eflewett7n@wsj.com,Male,127.96.3.140,Afghanistan
277,Erie,Ligerton,eligerton7o@hibu.com,Male,167.18.136.203,Philippines
278,Foss,Jopling,fjopling7p@hhs.gov,Male,249.40.70.235,Czech Republic
279,Tiphany,Falconbridge,tfalconbridge7q@psu.edu,Female,248.81.149.188,China
280,Norri,Gregolin,ngregolin7r@wufoo.com,Female,5.255.205.198,Russia
281,Edmund,Booij,ebooij7s@goo.ne.jp,Male,170.199.252.237,Germany
282,Lettie,Waterfield,lwaterfield7t@webnode.com,Female,100.7.157.45,China
283,Rhona,Groundwator,rgroundwator7u@examiner.com,Female,106.52.58.240,United Kingdom
284,Nil,Choke,nchoke7v@freewebs.com,Male,191.69.59.214,Mexico
285,Vick,Josling,vjosling7w@dailymail.co.uk,Male,132.57.23.227,Romania
286,Arnoldo,Makey,amakey7x@prnewswire.com,Male,97.155.148.192,Suriname
287,Guillaume,Darridon,gdarridon7y@so-net.ne.jp,Male,35.81.73.79,Indonesia
288,Jay,Lilywhite,jlilywhite7z@ycombinator.com,Male,56.227.50.82,France
289,Benedikt,MacCaffery,bmaccaffery80@ihg.com,Male,70.91.29.123,Indonesia
290,Beau,Grassot,bgrassot81@amazonaws.com,Male,145.91.123.249,Indonesia
291,Suzanne,Kocher,skocher82@parallels.com,Female,153.5.146.193,China
292,Pavel,Moyser,pmoyser83@fda.gov,Male,115.251.227.96,Indonesia
293,Dare,MacCoughan,dmaccoughan84@domainmarket.com,Male,140.191.163.171,Canada
294,Ab,Fossett,afossett85@discovery.com,Male,232.187.121.227,Isle of Man
295,Willie,Bridgman,wbridgman86@kickstarter.com,Female,121.128.134.79,Sweden
296,Gaspard,Cappineer,gcappineer87@amazon.de,Male,75.196.216.88,Philippines
297,Magda,MacGibbon,mmacgibbon88@google.pl,Female,45.83.218.247,China
298,Rodie,Demageard,rdemageard89@dropbox.com,Female,253.157.57.59,Sweden
299,Tomas,Trussler,ttrussler8a@wp.com,Male,84.245.47.31,Philippines
300,Duffy,McCabe,dmccabe8b@noaa.gov,Male,194.176.16.90,China
301,Ode,Netti,onetti8c@joomla.org,Male,200.253.225.163,Indonesia
302,Nate,Rowbury,nrowbury8d@163.com,Male,47.116.84.225,China
303,Felicio,Latch,flatch8e@1und1.de,Male,110.9.153.200,Indonesia
304,Dag,Lamport,dlamport8f@state.tx.us,Male,93.132.246.124,Brazil
305,Regan,Rays,rrays8g@cpanel.net,Male,158.139.156.79,China
306,Izak,Keavy,ikeavy8h@simplemachines.org,Male,197.86.160.29,Philippines
307,Irina,Rickardes,irickardes8i@baidu.com,Female,24.250.28.144,Sweden
308,Barbey,Annets,bannets8j@cpanel.net,Female,19.163.203.43,Philippines
309,Geralda,Reinbach,greinbach8k@freewebs.com,Female,232.149.129.189,Brazil
310,Aurthur,Kubczak,akubczak8l@discuz.net,Male,8.165.153.193,Canada
311,Phillida,Sealy,psealy8m@amazonaws.com,Female,159.193.74.1,Jamaica
312,Xever,Sambeck,xsambeck8n@ask.com,Male,150.147.20.25,Nigeria
313,Traver,Ketley,tketley8o@indiatimes.com,Male,234.145.125.241,China
314,Glen,Glaves,gglaves8p@mysql.com,Male,135.62.207.111,Philippines
315,Shawnee,O'Calleran,socalleran8q@istockphoto.com,Female,154.208.98.13,Thailand
316,Pepe,Redpath,predpath8r@usnews.com,Male,250.230.23.177,Japan
317,Dolley,Chasmoor,dchasmoor8s@arizona.edu,Female,122.27.3.220,Argentina
318,Terrill,Immins,timmins8t@imdb.com,Male,254.185.192.108,China
319,Elysia,MacGaughie,emacgaughie8u@arizona.edu,Female,255.236.56.189,Netherlands
320,Catharine,Godmer,cgodmer8v@weibo.com,Female,194.83.57.57,Indonesia
321,Neely,Gallier,ngallier8w@free.fr,Female,228.224.52.75,China
322,Hamid,Wimlett,hwimlett8x@cam.ac.uk,Male,17.73.5.223,Indonesia
323,Violette,Klee,vklee8y@forbes.com,Female,176.226.131.218,Honduras
324,Yolane,Tacey,ytacey8z@craigslist.org,Female,97.139.32.65,France
325,Elvyn,Cozby,ecozby90@over-blog.com,Male,78.216.201.187,Poland
326,Janek,Bacop,jbacop91@state.tx.us,Male,254.77.198.68,Portugal
327,Michail,Kimbrey,mkimbrey92@shop-pro.jp,Male,149.68.180.209,Gambia
328,Jordain,Gallardo,jgallardo93@eepurl.com,Female,197.230.46.7,United States
329,Innis,Dodson,idodson94@rakuten.co.jp,Male,51.157.207.90,Russia
330,Frannie,Abramov,fabramov95@ted.com,Female,103.133.197.157,Indonesia
331,Brooks,Sedwick,bsedwick96@shutterfly.com,Female,216.188.168.82,France
332,Almeda,Ohlsen,aohlsen97@umn.edu,Female,190.74.86.250,Peru
333,Hannie,Backsal,hbacksal98@skype.com,Female,94.131.189.229,Vietnam
334,Caty,Canas,ccanas99@comcast.net,Female,208.75.113.170,Poland
335,Christy,Rider,crider9a@hud.gov,Male,61.68.19.225,China
336,Amelina,Rothera,arothera9b@google.ru,Female,187.122.10.86,Germany
337,Colan,Brundle,cbrundle9c@istockphoto.com,Male,137.209.213.150,Greece
338,Gracie,Cousen,gcousen9d@livejournal.com,Female,65.134.80.155,China
339,Arty,Gley,agley9e@princeton.edu,Male,77.156.165.17,Costa Rica
340,Herbie,Adlam,hadlam9f@wikispaces.com,Male,52.75.242.146,Panama
341,Nikkie,Barhems,nbarhems9g@illinois.edu,Female,158.8.200.140,Indonesia
342,Case,Gravett,cgravett9h@google.ca,Male,130.14.119.187,China
343,Karole,Shenton,kshenton9i@eventbrite.com,Female,93.29.26.113,Argentina
344,Freida,Waterstone,fwaterstone9j@hc360.com,Female,246.101.223.198,China
345,Annemarie,Cammis,acammis9k@chicagotribune.com,Female,82.180.181.148,China
346,Anastasia,Scholar,ascholar9l@xrea.com,Female,255.186.157.166,United States
347,Arne,Liger,aliger9m@indiatimes.com,Male,238.27.123.60,China
348,Horatia,Oury,houry9n@icio.us,Female,250.239.99.148,Russia
349,Emlyn,Pimerick,epimerick9o@home.pl,Female,168.55.64.187,Tajikistan
350,Barbie,Yuryev,byuryev9p@walmart.com,Female,3.124.251.134,China
351,Emerson,Macy,emacy9q@washington.edu,Male,234.78.160.167,Uzbekistan
352,Aldric,Wakelam,awakelam9r@icq.com,Male,192.241.192.92,Poland
353,Guglielmo,Jillett,gjillett9s@icq.com,Male,93.201.134.18,United States
354,Nickolas,O' Mullane,nomullane9t@baidu.com,Male,41.238.128.70,China
355,Rhianon,McLaren,rmclaren9u@linkedin.com,Female,94.217.201.206,Norway
356,Rickert,Neesam,rneesam9v@last.fm,Male,170.80.186.191,Italy
357,Kile,Rankling,krankling9w@go.com,Male,195.240.10.107,China
358,Bernie,Kelshaw,bkelshaw9x@miitbeian.gov.cn,Male,1.191.194.28,Argentina
359,Johny,Leist,jleist9y@ask.com,Male,191.146.52.91,Indonesia
360,Alvinia,Maus,amaus9z@dailymotion.com,Female,167.86.129.12,China
361,Anatollo,Van Waadenburg,avanwaadenburga0@smugmug.com,Male,128.184.56.227,Brazil
362,Wendall,Kensington,wkensingtona1@desdev.cn,Male,205.215.74.40,Armenia
363,Keven,Meharry,kmeharrya2@csmonitor.com,Male,102.148.155.106,China
364,Irita,McCreery,imccreerya3@redcross.org,Female,78.29.252.59,Pakistan
365,Fleming,Capsey,fcapseya4@nature.com,Male,215.178.126.240,Russia
366,Parrnell,Stigger,pstiggera5@rambler.ru,Male,105.110.28.57,Indonesia
367,Carroll,Sehorsch,csehorscha6@engadget.com,Female,124.89.121.248,Japan
368,Carry,Lempenny,clempennya7@cdbaby.com,Female,204.148.97.163,Poland
369,Leroi,Jorg,ljorga8@spiegel.de,Male,212.205.199.253,Philippines
370,Georgina,Rumbold,grumbolda9@blogs.com,Female,165.160.70.106,Indonesia
371,Ruperta,Laybourne,rlaybourneaa@t-online.de,Female,29.163.17.19,Brazil
372,Paulette,De Bruyne,pdebruyneab@microsoft.com,Female,240.114.12.250,Vietnam
373,Rodge,Blackboro,rblackboroac@yolasite.com,Male,176.228.86.20,Thailand
374,Gareth,Moquin,gmoquinad@yolasite.com,Male,179.196.129.126,Greece
375,Blaire,Menhci,bmenhciae@netlog.com,Female,122.23.235.196,Dominican Republic
376,Bondon,Hucks,bhucksaf@ca.gov,Male,209.177.34.205,Madagascar
377,Menard,Kiossel,mkiosselag@eepurl.com,Male,135.158.6.184,Croatia
378,Coral,Robilliard,crobilliardah@woothemes.com,Female,120.23.248.209,Peru
379,Amalia,Woodvine,awoodvineai@slideshare.net,Female,240.130.55.87,China
380,Egbert,Conway,econwayaj@accuweather.com,Male,239.255.139.94,Morocco
381,Neall,Gillies,ngilliesak@accuweather.com,Male,165.191.63.6,Philippines
382,Suellen,Terrell,sterrellal@biglobe.ne.jp,Female,29.208.250.3,Mauritius
383,Amelie,De Ortega,adeortegaam@seattletimes.com,Female,200.81.159.120,Ukraine
384,Adore,Stout,astoutan@biblegateway.com,Female,136.77.104.154,Finland
385,Shandie,Humpherson,shumphersonao@freewebs.com,Female,80.94.39.78,France
386,Giraldo,Paeckmeyer,gpaeckmeyerap@mediafire.com,Male,6.207.196.132,Indonesia
387,Denna,Dreinan,ddreinanaq@acquirethisname.com,Female,136.187.230.221,Portugal
388,Balduin,Weed,bweedar@vkontakte.ru,Male,51.29.28.63,China
389,Cyril,Itzkowicz,citzkowiczas@deviantart.com,Male,31.71.143.18,Peru
390,Hallie,Siddaley,hsiddaleyat@narod.ru,Female,49.144.87.66,China
391,Zebadiah,Duesbury,zduesburyau@youku.com,Male,28.130.108.66,Poland
392,Boone,Sibson,bsibsonav@wordpress.org,Male,120.127.186.213,France
393,Barn,Odcroft,bodcroftaw@freewebs.com,Male,120.0.254.167,Poland
394,Hettie,Hyatt,hhyattax@desdev.cn,Female,34.119.240.154,China
395,Florry,Murby,fmurbyay@pagesperso-orange.fr,Female,214.105.88.76,Albania
396,Jany,Lyttle,jlyttleaz@ucsd.edu,Female,250.141.47.223,Morocco
397,Kerrin,Bleackly,kbleacklyb0@live.com,Female,99.128.233.191,China
398,Zebadiah,Smallacombe,zsmallacombeb1@scientificamerican.com,Male,15.254.219.54,New Zealand
399,Betta,Crayker,bcraykerb2@mashable.com,Female,37.59.163.191,China
400,Sydelle,Steele,ssteeleb3@ustream.tv,Female,54.214.230.27,Slovenia
401,Garret,Wurst,gwurstb4@amazon.com,Male,63.240.206.144,Poland
402,Elizabet,Casado,ecasadob5@mysql.com,Female,183.204.90.126,Brazil
403,Casar,Sondland,csondlandb6@dell.com,Male,103.172.206.130,Japan
404,Arri,Barzen,abarzenb7@vinaora.com,Male,24.225.178.41,Kosovo
405,Flin,Janman,fjanmanb8@yolasite.com,Male,177.80.159.122,Sweden
406,Miner,Bolding,mboldingb9@shareasale.com,Male,231.173.20.218,Peru
407,Ozzy,Wey,oweyba@blinklist.com,Male,248.44.24.51,Tanzania
408,Raymund,Bewly,rbewlybb@digg.com,Male,166.38.79.32,Philippines
409,Niles,Laurance,nlaurancebc@uiuc.edu,Male,221.248.110.202,Indonesia
410,Enrico,Aloshechkin,ealoshechkinbd@bbb.org,Male,103.66.19.132,Philippines
411,Asa,Munday,amundaybe@51.la,Male,253.203.212.21,El Salvador
412,Cecily,Philippou,cphilippoubf@php.net,Female,233.158.172.5,Tunisia
413,Aharon,Jankin,ajankinbg@slate.com,Male,11.159.225.170,Brazil
414,Ailee,Somerton,asomertonbh@washingtonpost.com,Female,140.130.108.121,China
415,Tallia,Methingam,tmethingambi@wufoo.com,Female,247.129.23.253,China
416,Stevie,Petford,spetfordbj@yellowpages.com,Male,29.149.219.196,Greece
417,Dasya,Kidner,dkidnerbk@cargocollective.com,Female,8.68.46.131,China
418,Giffer,Cuttell,gcuttellbl@topsy.com,Male,30.12.253.15,Thailand
419,Lazarus,Churchley,lchurchleybm@earthlink.net,Male,118.99.159.147,Ireland
420,Melita,Astman,mastmanbn@unesco.org,Female,33.166.253.200,Philippines
421,Brendin,Corder,bcorderbo@instagram.com,Male,105.79.70.136,Russia
422,Leonard,Pykerman,lpykermanbp@alexa.com,Male,98.53.6.94,Indonesia
423,Arlen,Bubbear,abubbearbq@scientificamerican.com,Male,54.22.124.95,Nigeria
424,Evania,Inskipp,einskippbr@washingtonpost.com,Female,82.10.201.192,Greece
425,Lib,Prester,lpresterbs@cbsnews.com,Female,114.29.206.8,Czech Republic
426,Betti,Renison,brenisonbt@ucsd.edu,Female,202.255.213.245,Syria
427,Livia,Girodias,lgirodiasbu@phoca.cz,Female,192.92.173.54,Afghanistan
428,Serge,Midson,smidsonbv@cloudflare.com,Male,207.207.87.48,France
429,Lesley,Dederick,ldederickbw@yellowpages.com,Male,204.13.176.169,Colombia
430,Arni,Giacobbo,agiacobbobx@thetimes.co.uk,Male,159.212.98.14,China
431,Bernelle,McHan,bmchanby@skyrock.com,Female,149.86.82.186,Poland
432,Guthrie,Smolan,gsmolanbz@issuu.com,Male,170.126.58.20,Indonesia
433,Gan,Brittoner,gbrittonerc0@edublogs.org,Male,150.141.130.21,Indonesia
434,Davide,Frizell,dfrizellc1@sbwire.com,Male,97.129.41.107,Philippines
435,Brennen,Markie,bmarkiec2@qq.com,Male,74.234.196.9,China
436,Monti,Maynell,mmaynellc3@purevolume.com,Male,143.174.246.159,Poland
437,Karim,Schollar,kschollarc4@fc2.com,Male,172.96.196.104,Russia
438,Calli,Lidstone,clidstonec5@hatena.ne.jp,Female,96.39.116.191,Czech Republic
439,Isidora,Cockshot,icockshotc6@live.com,Female,168.51.157.91,China
440,Edouard,Scurrah,escurrahc7@google.it,Male,192.227.8.180,Nigeria
441,Karolina,Cumberbatch,kcumberbatchc8@xing.com,Female,125.175.61.141,Spain
442,Rudyard,Shadrack,rshadrackc9@github.com,Male,141.84.8.50,Kazakhstan
443,Salomon,Renshaw,srenshawca@wufoo.com,Male,14.37.17.172,China
444,Jordanna,Oulett,joulettcb@canalblog.com,Female,224.21.249.117,Indonesia
445,Roddie,Bolino,rbolinocc@ucoz.ru,Male,7.64.99.158,Indonesia
446,Hildegaard,Chomley,hchomleycd@bbb.org,Female,139.10.129.62,Indonesia
447,Bel,Kepp,bkeppce@netlog.com,Female,206.248.83.237,Albania
448,Thorndike,Rapley,trapleycf@mashable.com,Male,132.44.9.104,Brazil
449,Jessie,Loveless,jlovelesscg@unc.edu,Male,73.220.159.128,Colombia
450,Norby,Hubbucke,nhubbuckech@dagondesign.com,Male,229.194.140.91,Portugal
451,Ethan,Gallahar,egallaharci@wikimedia.org,Male,195.108.219.110,Indonesia
452,Lorelle,Barwack,lbarwackcj@technorati.com,Female,156.77.57.133,Indonesia
453,Dov,Handford,dhandfordck@gravatar.com,Male,233.72.111.146,China
454,Boony,Livard,blivardcl@census.gov,Male,231.142.130.224,Philippines
455,Nadiya,Stutard,nstutardcm@furl.net,Female,158.224.250.242,Serbia
456,Valerie,Patington,vpatingtoncn@jigsy.com,Female,48.105.47.191,Thailand
457,Aurelea,Meany,ameanyco@rambler.ru,Female,27.135.169.129,Mexico
458,Lazare,Pomeroy,lpomeroycp@nih.gov,Male,12.46.27.1,Pakistan
459,Perice,Keston,pkestoncq@google.it,Male,254.9.38.126,Philippines
460,Farrell,Larenson,flarensoncr@delicious.com,Male,180.83.140.180,Japan
461,Mandi,Philippeaux,mphilippeauxcs@delicious.com,Female,164.158.98.167,Portugal
462,Adriano,Lambard,alambardct@aol.com,Male,154.174.148.225,France
463,Kahaleel,Casella,kcasellacu@posterous.com,Male,32.69.66.184,Ukraine
464,Theobald,Miko,tmikocv@google.co.jp,Male,221.230.194.168,Indonesia
465,Maible,Moralis,mmoraliscw@virginia.edu,Female,27.203.58.42,Peru
466,Nicolai,Speare,nspearecx@bing.com,Male,196.218.226.77,Portugal
467,Shanan,McKeady,smckeadycy@wp.com,Male,134.19.69.225,Indonesia
468,Jarid,Mollon,jmolloncz@nih.gov,Male,204.204.189.117,Canada
469,Corty,Danelut,cdanelutd0@gizmodo.com,Male,238.22.197.21,Philippines
470,Giovanna,Hise,ghised1@over-blog.com,Female,80.185.172.236,Japan
471,Merrily,O'Boyle,moboyled2@soundcloud.com,Female,21.253.69.17,China
472,Marge,Currall,mcurralld3@cornell.edu,Female,231.123.235.238,Russia
473,Tierney,Ballam,tballamd4@telegraph.co.uk,Female,225.55.249.42,Greece
474,Dewie,Ivoshin,divoshind5@addthis.com,Male,140.21.109.164,Malaysia
475,Luis,L'Hommeau,llhommeaud6@discovery.com,Male,151.223.170.102,China
476,Tymothy,Rawes,trawesd7@house.gov,Male,79.40.82.39,Malaysia
477,Tynan,Batho,tbathod8@wired.com,Male,43.186.180.232,Russia
478,Erma,Wyche,ewyched9@pinterest.com,Female,154.210.12.92,Indonesia
479,Marshall,Lefever,mlefeverda@exblog.jp,Male,140.55.191.55,Philippines
480,Jen,Woolner,jwoolnerdb@devhub.com,Female,247.102.234.84,Madagascar
481,Ginny,Bridgestock,gbridgestockdc@pinterest.com,Female,68.14.67.98,Eritrea
482,Marybeth,Louthe,mlouthedd@nydailynews.com,Female,237.44.130.83,Indonesia
483,Audrye,Knewstub,aknewstubde@wufoo.com,Female,11.203.71.42,Brazil
484,Barbie,Mullenger,bmullengerdf@gravatar.com,Female,120.101.67.0,Uganda
485,Chadwick,Killock,ckillockdg@jalbum.net,Male,156.96.31.82,Indonesia
486,Elbert,Gent,egentdh@google.nl,Male,39.202.72.87,China
487,Marcus,Swinbourne,mswinbournedi@mlb.com,Male,248.240.67.209,Argentina
488,Seward,Henriksson,shenrikssondj@barnesandnoble.com,Male,44.124.155.188,Malaysia
489,Baillie,Yurin,byurindk@issuu.com,Male,191.92.3.119,Brazil
490,Roanne,Whittier,rwhittierdl@admin.ch,Female,7.3.175.204,China
491,Emile,Bowditch,ebowditchdm@delicious.com,Male,205.33.35.193,Russia
492,Darius,Macauley,dmacauleydn@seesaa.net,Male,246.194.137.220,Indonesia
493,Robbert,Lambrook,rlambrookdo@reuters.com,Male,214.87.96.32,Equatorial Guinea
494,Milli,Maffy,mmaffydp@istockphoto.com,Female,74.164.207.218,Indonesia
495,Elston,Teek,eteekdq@techcrunch.com,Male,225.211.225.69,Iran
496,Florie,Skillitt,fskillittdr@drupal.org,Female,29.165.109.61,Russia
497,Cortney,Bathoe,cbathoeds@forbes.com,Female,224.78.59.172,Brazil
498,Ogdon,Troppmann,otroppmanndt@wikipedia.org,Male,117.249.176.186,Philippines
499,Ivan,Jirieck,ijirieckdu@seesaa.net,Male,13.90.139.254,United States
500,Clayborne,Lebell,clebelldv@smh.com.au,Male,46.252.170.203,Colombia
501,Hiram,Filoniere,hfilonieredw@mysql.com,Male,240.77.248.87,Philippines
502,Ilene,Pieracci,ipieraccidx@smugmug.com,Female,49.209.107.101,Vietnam
503,Cicely,Laden,cladendy@house.gov,Female,140.60.5.159,Paraguay
504,Dasha,Dukesbury,ddukesburydz@chronoengine.com,Female,244.165.214.179,Philippines
505,Erma,Kunat,ekunate0@dailymail.co.uk,Female,86.29.11.207,Ukraine
506,Turner,Austin,taustine1@sfgate.com,Male,144.191.235.0,China
507,Linoel,Ashwin,lashwine2@cocolog-nifty.com,Male,81.228.134.228,Brazil
508,Luigi,d'Escoffier,ldescoffiere3@cmu.edu,Male,146.17.51.186,Russia
509,Abbie,Lappine,alappinee4@altervista.org,Female,246.78.222.198,China
510,Hatti,Fallis,hfallise5@tiny.cc,Female,21.239.165.78,Indonesia
511,Carlee,Matchitt,cmatchitte6@jalbum.net,Female,42.51.27.21,Brazil
512,Lester,Keslake,lkeslakee7@mit.edu,Male,255.109.102.72,Indonesia
513,Carley,Barnson,cbarnsone8@flavors.me,Female,202.155.13.53,Sweden
514,Erena,Wogan,ewogane9@senate.gov,Female,199.17.24.207,Latvia
515,Ozzie,Priddey,opriddeyea@tamu.edu,Male,123.161.147.74,Sweden
516,Carson,Barnwell,cbarnwelleb@imdb.com,Male,13.17.35.12,China
517,Fiann,Darycott,fdarycottec@pagesperso-orange.fr,Female,232.108.67.77,Pakistan
518,Barnard,Grogan,bgroganed@vk.com,Male,7.118.174.30,Finland
519,Ogdan,Willingham,owillinghamee@creativecommons.org,Male,138.146.173.162,China
520,Arv,Cordaroy,acordaroyef@miitbeian.gov.cn,Male,5.234.253.112,China
521,Maure,Broun,mbrouneg@blogtalkradio.com,Female,248.85.249.58,China
522,Isa,Evequot,ievequoteh@linkedin.com,Female,128.197.195.251,Ivory Coast
523,Mair,Adanez,madanezei@clickbank.net,Female,31.206.255.132,Belgium
524,Ives,De Giovanni,idegiovanniej@usatoday.com,Male,13.54.198.65,Portugal
525,Lonnie,Sudell,lsudellek@telegraph.co.uk,Female,159.29.135.14,Japan
526,Clemente,Cobain,ccobainel@bbb.org,Male,240.208.33.128,Russia
527,Cristal,Marson,cmarsonem@tripadvisor.com,Female,38.250.113.56,Vietnam
528,Frederica,Labrum,flabrumen@vkontakte.ru,Female,56.84.179.55,Eritrea
529,Thayne,Swancock,tswancockeo@sun.com,Male,217.133.5.235,France
530,Mamie,Coggin,mcogginep@theatlantic.com,Female,220.99.26.11,Greece
531,Lemuel,Carrington,lcarringtoneq@twitter.com,Male,159.193.161.19,Chile
532,Suki,Pasley,spasleyer@sourceforge.net,Female,252.190.127.105,Thailand
533,Wolfy,Hawkwood,whawkwoodes@mapquest.com,Male,19.191.91.146,New Zealand
534,Britt,Red,bredet@cbsnews.com,Male,67.116.193.151,China
535,Lydon,Glentz,lglentzeu@spotify.com,Male,140.56.56.188,Indonesia
536,Paulette,Bridgstock,pbridgstockev@e-recht24.de,Female,116.154.62.52,Brazil
537,Margie,Burkert,mburkertew@blinklist.com,Female,14.84.162.187,Poland
538,Auberon,Pavolillo,apavolilloex@arstechnica.com,Male,23.176.104.47,China
539,Millie,Urlich,murlichey@ox.ac.uk,Female,180.29.225.173,Indonesia
540,Meade,Budibent,mbudibentez@nih.gov,Male,130.58.34.21,Thailand
541,Helen,Schaumaker,hschaumakerf0@devhub.com,Female,164.59.112.21,Canada
542,Gilbertina,Tewkesbury,gtewkesburyf1@google.pl,Female,111.118.163.186,China
543,Kalila,Copozio,kcopoziof2@eepurl.com,Female,231.11.164.113,Thailand
544,Carlynne,Lemmens,clemmensf3@tinypic.com,Female,5.4.68.221,Indonesia
545,Zebadiah,Rotham,zrothamf4@t.co,Male,226.67.110.67,Russia
546,Brose,Castagne,bcastagnef5@irs.gov,Male,246.239.51.201,Botswana
547,Fowler,Rogister,frogisterf6@bluehost.com,Male,153.130.16.158,Portugal
548,Rodolfo,Tuckwood,rtuckwoodf7@globo.com,Male,245.100.244.134,Ireland
549,Rog,Whelband,rwhelbandf8@army.mil,Male,55.51.199.253,China
550,Orran,Upcott,oupcottf9@youtube.com,Male,39.163.124.227,Czech Republic
551,Rafaello,Ranscombe,rranscombefa@de.vu,Male,183.147.12.32,Uzbekistan
552,Caty,Boylund,cboylundfb@prweb.com,Female,88.48.117.179,Czech Republic
553,Conney,Rabbet,crabbetfc@amazon.com,Male,146.90.70.177,Morocco
554,Prudi,Pol,ppolfd@redcross.org,Female,190.212.19.163,China
555,Myron,Haugh,mhaughfe@home.pl,Male,7.17.108.35,China
556,Ruddy,Jukubczak,rjukubczakff@soup.io,Male,194.124.10.19,Thailand
557,Pembroke,Roskam,proskamfg@mayoclinic.com,Male,54.250.36.39,Russia
558,Sibel,Dzenisenka,sdzenisenkafh@netlog.com,Female,156.199.158.243,Indonesia
559,Freddy,Sturley,fsturleyfi@google.co.uk,Female,145.144.12.132,Russia
560,Neile,Pioch,npiochfj@who.int,Female,225.157.184.111,Russia
561,Kent,Westcott,kwestcottfk@theglobeandmail.com,Male,238.206.106.29,China
562,Tucker,Scorton,tscortonfl@foxnews.com,Male,32.111.225.225,Croatia
563,Manya,Extil,mextilfm@engadget.com,Female,155.85.163.43,Japan
564,Antonin,Belk,abelkfn@wikipedia.org,Male,41.124.236.35,China
565,Alonzo,Lamar,alamarfo@vkontakte.ru,Male,54.247.30.46,Indonesia
566,Bart,Kastel,bkastelfp@slashdot.org,Male,186.107.124.123,Russia
567,Audry,Blackett,ablackettfq@i2i.jp,Female,151.33.202.160,Poland
568,Issy,Sket,isketfr@theguardian.com,Female,52.142.11.8,Japan
569,Dorey,Cartwight,dcartwightfs@parallels.com,Female,162.158.194.142,China
570,Ferris,Hrishanok,fhrishanokft@biglobe.ne.jp,Male,168.101.226.9,Poland
571,Marcelle,Senn,msennfu@huffingtonpost.com,Female,27.243.117.165,Brazil
572,Ferdy,Sisson,fsissonfv@nps.gov,Male,29.239.80.229,Ethiopia
573,Cherlyn,Gibbetts,cgibbettsfw@miibeian.gov.cn,Female,32.146.35.35,United States
574,Karla,Gutans,kgutansfx@freewebs.com,Female,93.185.62.136,China
575,Aymer,Rauprich,arauprichfy@hubpages.com,Male,236.57.173.24,China
576,Kakalina,Allwell,kallwellfz@buzzfeed.com,Female,52.245.57.185,Thailand
577,Fayette,Fouch,ffouchg0@irs.gov,Female,95.51.122.182,Russia
578,Elenore,Alder,ealderg1@de.vu,Female,44.53.10.68,Philippines
579,Jade,Giabuzzi,jgiabuzzig2@usatoday.com,Female,59.130.3.24,Russia
580,Kylie,Brasseur,kbrasseurg3@netvibes.com,Female,109.212.51.53,Uganda
581,Grier,Leggis,gleggisg4@mapy.cz,Female,20.62.38.66,Ireland
582,Tabbi,Dorken,tdorkeng5@virginia.edu,Female,184.145.116.58,Sweden
583,Olag,Amorine,oamorineg6@is.gd,Male,42.128.236.189,Ukraine
584,Arthur,Karpmann,akarpmanng7@adobe.com,Male,209.183.41.79,Poland
585,Gillie,Norville,gnorvilleg8@cbc.ca,Female,30.71.109.195,Indonesia
586,Consuelo,Swafford,cswaffordg9@alexa.com,Female,35.149.45.201,Venezuela
587,Christen,Rattery,cratteryga@chronoengine.com,Female,177.149.54.67,Sweden
588,Julian,Boulder,jbouldergb@soup.io,Male,94.140.204.56,Philippines
589,Papageno,Cogzell,pcogzellgc@weather.com,Male,68.84.226.186,Nigeria
590,Dotti,McClure,dmccluregd@techcrunch.com,Female,59.128.11.38,Canada
591,Ram,Lazenbury,rlazenburyge@drupal.org,Male,188.223.141.63,Poland
592,Fitz,Purcell,fpurcellgf@printfriendly.com,Male,108.176.221.175,Honduras
593,Tommy,Dahill,tdahillgg@deviantart.com,Female,175.164.155.213,Kazakhstan
594,Cornie,Blissitt,cblissittgh@woothemes.com,Female,166.17.48.109,Brazil
595,Bald,Coope,bcoopegi@mapquest.com,Male,190.75.140.177,New Zealand
596,Flossie,Oggers,foggersgj@taobao.com,Female,32.16.12.138,Indonesia
597,Zara,Nowlan,znowlangk@disqus.com,Female,174.227.20.218,United States
598,Alphonso,Jobern,ajoberngl@godaddy.com,Male,48.8.44.130,China
599,Alica,Tutton,atuttongm@ebay.com,Female,243.8.196.19,Kazakhstan
600,Benita,Meates,bmeatesgn@ustream.tv,Female,139.12.180.52,Germany
601,Dodi,Pritchett,dpritchettgo@cbc.ca,Female,8.138.122.121,Mexico
602,Ebeneser,Tidmas,etidmasgp@diigo.com,Male,178.204.206.176,China
603,Keane,Eade,keadegq@slate.com,Male,42.138.52.62,Philippines
604,Jerry,Bussetti,jbussettigr@redcross.org,Male,191.50.92.103,Brazil
605,Zachariah,Tremellan,ztremellangs@odnoklassniki.ru,Male,145.31.176.213,China
606,Xylia,Leavold,xleavoldgt@1und1.de,Female,221.28.73.80,France
607,Barde,Gavriel,bgavrielgu@webs.com,Male,37.99.155.251,Russia
608,Martica,MacChaell,mmacchaellgv@freewebs.com,Female,53.48.141.8,Philippines
609,Antonio,Maffini,amaffinigw@eventbrite.com,Male,165.109.132.54,China
610,Francisco,Yukhin,fyukhingx@miibeian.gov.cn,Male,142.28.22.37,Sweden
611,Noah,Juliano,njulianogy@zdnet.com,Male,129.169.31.103,Venezuela
612,Lenard,Roche,lrochegz@com.com,Male,93.216.189.114,Brazil
613,Ruthy,Bentsen,rbentsenh0@tmall.com,Female,75.32.40.168,Indonesia
614,Clay,Showt,cshowth1@infoseek.co.jp,Male,47.232.138.252,Sweden
615,Justino,Burlay,jburlayh2@google.pl,Male,135.205.7.85,Bangladesh
616,Lawton,Stirgess,lstirgessh3@redcross.org,Male,89.105.108.124,China
617,Torrey,McTrustie,tmctrustieh4@exblog.jp,Male,28.26.250.157,Peru
618,Iormina,Bowlesworth,ibowlesworthh5@simplemachines.org,Female,248.57.35.205,China
619,Worden,McCuthais,wmccuthaish6@unicef.org,Male,132.127.193.97,Russia
620,Jacquette,Chislett,jchisletth7@princeton.edu,Female,80.183.46.95,Ukraine
621,Zelig,Kedslie,zkedslieh8@alexa.com,Male,251.174.238.78,Luxembourg
622,Nissie,MacKniely,nmacknielyh9@diigo.com,Female,61.4.68.45,Vietnam
623,Milty,Broster,mbrosterha@kickstarter.com,Male,243.41.45.83,Indonesia
624,Kellsie,Paolone,kpaolonehb@mapy.cz,Female,195.177.97.4,Albania
625,Lily,Wainscot,lwainscothc@privacy.gov.au,Female,203.246.232.47,Mongolia
626,Aundrea,Godman,agodmanhd@psu.edu,Female,169.39.175.2,Russia
627,Tessi,Trulocke,ttrulockehe@about.com,Female,85.223.139.29,Philippines
628,Mahmud,Stood,mstoodhf@rediff.com,Male,224.86.14.6,Ukraine
629,Wye,Fisbey,wfisbeyhg@wordpress.org,Male,247.22.7.55,Burundi
630,Kipp,Chace,kchacehh@who.int,Female,45.56.97.24,Indonesia
631,Gardie,Pollendine,gpollendinehi@umn.edu,Male,73.8.78.92,Brazil
632,Gasper,Gwyllt,ggwyllthj@scientificamerican.com,Male,102.158.79.137,Costa Rica
633,Bee,Aldcorne,baldcornehk@networkadvertising.org,Female,243.97.65.167,Indonesia
634,Marissa,Golsthorp,mgolsthorphl@unblog.fr,Female,73.207.8.178,Sweden
635,Ebonee,Hellmer,ehellmerhm@github.io,Female,157.40.77.28,Venezuela
636,Delainey,Stovine,dstovinehn@seesaa.net,Male,160.181.144.112,Netherlands
637,Gaston,Garr,ggarrho@slideshare.net,Male,117.232.89.29,Austria
638,Chrysler,Fairnington,cfairningtonhp@economist.com,Female,111.174.124.230,China
639,Brice,Sturridge,bsturridgehq@reuters.com,Male,163.202.213.206,Colombia
640,Manfred,Syres,msyreshr@princeton.edu,Male,108.9.117.11,Indonesia
641,Roland,Bardsley,rbardsleyhs@skyrock.com,Male,52.187.187.125,China
642,Eddy,Duxbury,eduxburyht@icq.com,Female,204.85.11.61,China
643,Corbet,Keig,ckeighu@over-blog.com,Male,211.66.51.30,Philippines
644,Gail,Joddins,gjoddinshv@cbc.ca,Female,114.87.155.111,China
645,Chelsea,Emma,cemmahw@canalblog.com,Female,253.19.42.220,Indonesia
646,Jacquenette,Saiz,jsaizhx@sogou.com,Female,187.130.139.162,Armenia
647,Pamela,Bussy,pbussyhy@vkontakte.ru,Female,47.110.123.92,Malta
648,Hartwell,O'Hegertie,hohegertiehz@flavors.me,Male,147.196.144.96,Vietnam
649,Taddeusz,Nyssen,tnysseni0@fema.gov,Male,14.146.1.134,Poland
650,Melissa,Finker,mfinkeri1@businesswire.com,Female,97.16.198.209,China
651,Alfy,Durdy,adurdyi2@mapquest.com,Male,234.185.148.203,Ukraine
652,Philipa,Pikhno,ppikhnoi3@timesonline.co.uk,Female,243.231.189.164,Austria
653,Ikey,Smerdon,ismerdoni4@cyberchimps.com,Male,219.117.41.113,China
654,Fred,Cutsforth,fcutsforthi5@posterous.com,Male,108.177.53.21,Greece
655,Lyon,Studde,lstuddei6@salon.com,Male,209.105.176.67,Indonesia
656,Clemente,Liddy,cliddyi7@reverbnation.com,Male,93.196.78.152,Philippines
657,Neall,Geach,ngeachi8@go.com,Male,221.176.107.242,Bosnia and Herzegovina
658,Benson,Batman,bbatmani9@go.com,Male,36.174.208.243,France
659,Christen,Skinley,cskinleyia@hostgator.com,Female,218.71.202.6,Qatar
660,Worthy,Godfrey,wgodfreyib@xing.com,Male,39.250.59.150,China
661,Tyson,Turgoose,tturgooseic@about.com,Male,192.133.187.67,China
662,Kristina,Washtell,kwashtellid@upenn.edu,Female,89.65.178.141,China
663,Hetty,O'Sheils,hosheilsie@mysql.com,Female,196.245.73.91,Indonesia
664,Hollyanne,Leopold,hleopoldif@people.com.cn,Female,71.146.76.45,Cuba
665,Humfrey,Kay,hkayig@sourceforge.net,Male,139.76.207.84,Nicaragua
666,Nalani,Niemiec,nniemiecih@etsy.com,Female,207.139.216.150,Ukraine
667,Hazlett,Wilber,hwilberii@nationalgeographic.com,Male,188.220.10.129,Palestinian Territory
668,Kariotta,Weiser,kweiserij@wufoo.com,Female,194.103.162.232,Chile
669,Janeta,Gooda,jgoodaik@yahoo.com,Female,38.106.157.155,China
670,Cully,Barnwill,cbarnwillil@nsw.gov.au,Male,255.132.119.123,Indonesia
671,Antons,Ritelli,aritelliim@jimdo.com,Male,115.22.234.128,Chile
672,Lottie,Wedgwood,lwedgwoodin@opera.com,Female,6.65.62.168,Madagascar
673,Kathlin,Plessing,kplessingio@statcounter.com,Female,167.62.105.116,Russia
674,Helen,Dikels,hdikelsip@shutterfly.com,Female,240.33.250.150,China
675,Jody,Audry,jaudryiq@usgs.gov,Male,67.8.99.82,Guatemala
676,Coral,Sheehy,csheehyir@prweb.com,Female,6.22.221.38,Finland
677,Peggie,Blasgen,pblasgenis@statcounter.com,Female,109.121.58.142,China
678,Jamison,Ingamells,jingamellsit@weibo.com,Male,72.234.255.104,Greece
679,Brigida,Matevosian,bmatevosianiu@weather.com,Female,5.216.239.66,Russia
680,Lester,Bedle,lbedleiv@japanpost.jp,Male,146.91.152.223,Poland
681,Tate,Duffet,tduffetiw@reverbnation.com,Male,47.157.201.145,China
682,Viviana,Smout,vsmoutix@netscape.com,Female,141.222.24.230,Japan
683,Vikki,Jowsey,vjowseyiy@sfgate.com,Female,132.163.232.15,Canada
684,Annabal,Classen,aclasseniz@blogs.com,Female,153.41.52.134,Norway
685,Malynda,Dorrian,mdorrianj0@so-net.ne.jp,Female,122.66.151.108,Portugal
686,Greggory,Gabbotts,ggabbottsj1@deviantart.com,Male,134.30.160.144,Indonesia
687,Marlow,Geikie,mgeikiej2@1688.com,Male,31.69.86.15,Poland
688,Gerard,Collinwood,gcollinwoodj3@seesaa.net,Male,196.53.77.171,Costa Rica
689,Caz,Radborn,cradbornj4@networkadvertising.org,Male,226.14.26.193,Azerbaijan
690,Demetris,Presland,dpreslandj5@jalbum.net,Female,23.92.198.64,China
691,Sasha,Poulney,spoulneyj6@shutterfly.com,Female,230.50.254.41,Russia
692,Elwin,Reilinger,ereilingerj7@wikispaces.com,Male,204.255.197.151,Ukraine
693,Stu,Pancast,spancastj8@apache.org,Male,129.22.181.190,Ukraine
694,Netta,O'Neill,noneillj9@theatlantic.com,Female,212.130.13.102,Guatemala
695,Banky,Roadknight,broadknightja@dedecms.com,Male,100.69.213.75,Ireland
696,Yuma,Ox,yoxjb@myspace.com,Male,249.166.65.226,Portugal
697,Sutherland,Whitbread,swhitbreadjc@indiegogo.com,Male,221.83.146.167,Indonesia
698,Lorry,Scully,lscullyjd@cafepress.com,Female,135.23.130.92,France
699,Cassius,Annies,canniesje@ucoz.ru,Male,113.48.119.12,Lithuania
700,Andonis,Pococke,apocockejf@usa.gov,Male,176.170.234.25,China
701,Ettie,Mingardo,emingardojg@archive.org,Female,27.12.198.226,China
702,Ingra,Jedrzejkiewicz,ijedrzejkiewiczjh@telegraph.co.uk,Male,86.82.130.194,Colombia
703,Golda,Widdison,gwiddisonji@usa.gov,Female,165.72.196.54,China
704,Ofella,Hawtin,ohawtinjj@github.io,Female,201.160.250.22,China
705,Cordey,Brackenbury,cbrackenburyjk@wsj.com,Female,135.249.117.183,Philippines
706,Siusan,Andrini,sandrinijl@blogger.com,Female,154.6.245.52,Russia
707,Westbrooke,Courvert,wcourvertjm@ustream.tv,Male,245.244.133.125,Russia
708,Mab,Blazewski,mblazewskijn@pcworld.com,Female,9.11.220.48,Greece
709,Anestassia,Piscot,apiscotjo@gizmodo.com,Female,192.248.159.122,Finland
710,Malcolm,Nicholson,mnicholsonjp@bizjournals.com,Male,149.245.116.251,China
711,Katusha,Heintz,kheintzjq@paypal.com,Female,48.246.201.157,Indonesia
712,Wallas,Pitsall,wpitsalljr@twitpic.com,Male,226.156.34.46,Sweden
713,Araldo,O'Kane,aokanejs@devhub.com,Male,108.31.193.34,China
714,Louis,Wallach,lwallachjt@livejournal.com,Male,238.23.134.235,Ukraine
715,Tades,Talby,ttalbyju@bluehost.com,Male,91.223.1.56,Brazil
716,Tobe,Driffield,tdriffieldjv@qq.com,Male,255.26.125.214,Ukraine
717,Web,Tothe,wtothejw@upenn.edu,Male,180.92.30.34,France
718,Claybourne,Brachell,cbrachelljx@businessweek.com,Male,218.204.89.78,Peru
719,Kort,Gargett,kgargettjy@soundcloud.com,Male,62.23.27.41,Moldova
720,Letty,Nurse,lnursejz@google.com.au,Female,241.1.82.18,Canada
721,Aili,Pobjoy,apobjoyk0@cdbaby.com,Female,148.225.246.50,Argentina
722,Debi,Wilde,dwildek1@geocities.com,Female,234.86.213.201,Ireland
723,Carilyn,Abad,cabadk2@fc2.com,Female,59.165.177.5,Philippines
724,Moria,Bricket,mbricketk3@delicious.com,Female,62.54.196.253,China
725,Vonny,Sandercock,vsandercockk4@soundcloud.com,Female,70.35.173.122,Micronesia
726,Freda,McGrah,fmcgrahk5@blogtalkradio.com,Female,201.149.128.123,Colombia
727,Giulio,Hanshawe,ghanshawek6@aboutads.info,Male,108.68.46.195,Poland
728,Hertha,Stewartson,hstewartsonk7@paginegialle.it,Female,71.11.14.97,Brazil
729,Doti,Gingedale,dgingedalek8@rediff.com,Female,96.21.188.183,Russia
730,Forbes,Goldsbury,fgoldsburyk9@com.com,Male,37.41.144.115,China
731,Reinaldos,Switzer,rswitzerka@vkontakte.ru,Male,31.16.206.249,Thailand
732,Ivy,Bosher,ibosherkb@edublogs.org,Female,37.125.230.135,Finland
733,Augustina,Alyonov,aalyonovkc@smh.com.au,Female,185.83.225.146,Vietnam
734,Lyman,Loadwick,lloadwickkd@dmoz.org,Male,67.24.39.90,South Africa
735,Dorie,Workman,dworkmanke@a8.net,Male,240.163.32.146,Colombia
736,Lemmie,Janeczek,ljaneczekkf@fotki.com,Male,247.124.73.120,Philippines
737,Ernie,Fulker,efulkerkg@wikimedia.org,Male,155.193.178.221,China
738,Julianne,Symcock,jsymcockkh@who.int,Female,53.175.104.181,Peru
739,Orion,Ebbs,oebbski@loc.gov,Male,220.60.112.234,Puerto Rico
740,Allis,Tivers,ativerskj@amazon.com,Female,154.11.182.250,Portugal
741,Engelbert,Yakuntzov,eyakuntzovkk@qq.com,Male,43.220.249.192,China
742,Reginald,Baildon,rbaildonkl@typepad.com,Male,10.144.184.195,Indonesia
743,Starla,Eastridge,seastridgekm@baidu.com,Female,255.169.119.230,China
744,Sollie,Oxbury,soxburykn@mozilla.org,Male,182.195.129.114,Brazil
745,Stephi,Thombleson,sthomblesonko@google.co.uk,Female,63.252.35.130,Venezuela
746,Oswell,Antcliffe,oantcliffekp@mapquest.com,Male,137.190.150.88,Nigeria
747,Justus,Oxshott,joxshottkq@pagesperso-orange.fr,Male,126.120.110.176,Indonesia
748,Link,Graveson,lgravesonkr@mapquest.com,Male,1.240.150.17,Indonesia
749,Melitta,Baulch,mbaulchks@tuttocitta.it,Female,61.172.196.243,Uruguay
750,Kermit,Sibbit,ksibbitkt@trellian.com,Male,214.36.91.240,Honduras
751,Godard,Lesly,gleslyku@weibo.com,Male,141.34.235.104,Philippines
752,Tracey,Maffulli,tmaffullikv@godaddy.com,Male,154.43.151.144,Sweden
753,Francyne,Fetters,ffetterskw@yahoo.com,Female,17.178.125.117,Indonesia
754,Jourdan,Fernley,jfernleykx@nps.gov,Female,118.164.53.74,Lebanon
755,Dorella,Pinkney,dpinkneyky@sciencedaily.com,Female,26.80.126.46,China
756,Nadine,Swenson,nswensonkz@auda.org.au,Female,210.76.84.67,Brazil
757,Xenos,Hatrey,xhatreyl0@furl.net,Male,124.2.101.251,Indonesia
758,Madella,McGarvey,mmcgarveyl1@tuttocitta.it,Female,152.244.167.19,China
759,Rollin,Dainter,rdainterl2@comsenz.com,Male,63.65.211.205,Sweden
760,Doyle,Ker,dkerl3@google.com,Male,66.153.46.203,Japan
761,Hunfredo,Danahar,hdanaharl4@tripod.com,Male,137.219.221.198,Russia
762,Aldwin,Eyres,aeyresl5@hugedomains.com,Male,212.138.194.56,Russia
763,Angeli,Auton,aautonl6@newsvine.com,Male,187.77.217.219,China
764,Kendall,Dyott,kdyottl7@spiegel.de,Male,21.70.156.243,New Zealand
765,Rosie,Hanselmann,rhanselmannl8@joomla.org,Female,111.145.145.187,France
766,Jerrie,Duncklee,jdunckleel9@feedburner.com,Female,193.145.191.24,Indonesia
767,Nevins,Bugg,nbuggla@bbc.co.uk,Male,93.189.84.10,Philippines
768,Aldrich,Staff,astafflb@wiley.com,Male,43.179.215.207,China
769,Clair,Dow,cdowlc@state.gov,Female,193.79.6.75,United States
770,Elayne,Elsmere,eelsmereld@google.ca,Female,90.66.214.99,Japan
771,Myrna,Duinbleton,mduinbletonle@dagondesign.com,Female,187.240.206.238,Poland
772,Lulu,Rocca,lroccalf@yale.edu,Female,77.241.30.2,Colombia
773,Hayyim,Webermann,hwebermannlg@theguardian.com,Male,235.148.211.159,Poland
774,Granger,Reoch,greochlh@phpbb.com,Male,160.149.141.101,Poland
775,Sandro,Botler,sbotlerli@answers.com,Male,246.58.175.187,Colombia
776,Casey,Esbrook,cesbrooklj@posterous.com,Female,253.128.51.148,Russia
777,Mufi,Scarisbrick,mscarisbricklk@stumbleupon.com,Female,49.113.225.224,Georgia
778,Electra,Fairbourne,efairbournell@gizmodo.com,Female,2.111.229.110,Peru
779,Denis,Emson,demsonlm@dyndns.org,Male,173.149.208.156,China
780,Carlyle,Lighterness,clighternessln@pbs.org,Male,245.222.196.72,Cuba
781,Toddy,Morgan,tmorganlo@hud.gov,Male,171.190.219.12,Philippines
782,Gigi,Borg-Bartolo,gborgbartololp@vkontakte.ru,Female,115.144.30.217,Burkina Faso
783,Harmony,Hackey,hhackeylq@tinypic.com,Female,123.30.88.30,Indonesia
784,Bryn,Danilin,bdanilinlr@nationalgeographic.com,Male,102.96.89.59,Liberia
785,Carlina,Spinley,cspinleyls@dell.com,Female,205.87.136.199,Czech Republic
786,Josey,Forsyth,jforsythlt@unicef.org,Female,63.186.216.104,Palestinian Territory
787,Kira,Smees,ksmeeslu@hc360.com,Female,24.249.33.10,Poland
788,Adriano,Giffen,agiffenlv@rakuten.co.jp,Male,130.143.143.101,Poland
789,Daryn,Slevin,dslevinlw@clickbank.net,Female,192.109.133.139,Indonesia
790,Huberto,Delahunt,hdelahuntlx@scribd.com,Male,173.24.172.176,Indonesia
791,Gregoire,Stickells,gstickellsly@newsvine.com,Male,47.51.138.9,American Samoa
792,Aleen,Rule,arulelz@google.cn,Female,64.43.224.25,Indonesia
793,Hailee,Downing,hdowningm0@phpbb.com,Female,110.214.142.106,Trinidad and Tobago
794,Lethia,Ozintsev,lozintsevm1@ft.com,Female,142.86.111.83,Sweden
795,Ailis,Kemwall,akemwallm2@topsy.com,Female,100.134.152.37,Argentina
796,Earl,Bellini,ebellinim3@technorati.com,Male,2.5.192.160,Brazil
797,Mora,Dudill,mdudillm4@salon.com,Female,220.36.76.38,China
798,Henrie,Antat,hantatm5@hexun.com,Female,195.34.59.2,Palestinian Territory
799,Helenelizabeth,Garvey,hgarveym6@vistaprint.com,Female,37.133.45.97,Comoros
800,Wandie,Nabbs,wnabbsm7@vistaprint.com,Female,60.242.95.109,Finland
801,Davita,Lambersen,dlambersenm8@dion.ne.jp,Female,146.128.16.183,France
802,Barty,de Amaya,bdeamayam9@yandex.ru,Male,89.87.18.40,Sweden
803,Lisha,Bielefeld,lbielefeldma@nymag.com,Female,16.163.155.7,Colombia
804,Sheena,Gouck,sgouckmb@moonfruit.com,Female,22.130.200.29,Poland
805,Elana,Muneely,emuneelymc@google.co.uk,Female,120.58.41.119,Indonesia
806,Pepita,Bernardoux,pbernardouxmd@oakley.com,Female,39.27.18.49,Japan
807,Sheelah,Brasner,sbrasnerme@wisc.edu,Female,192.49.195.147,Russia
808,Upton,Blazynski,ublazynskimf@ed.gov,Male,121.108.224.158,Indonesia
809,Bess,Ortiger,bortigermg@bloomberg.com,Female,33.210.69.87,China
810,Gearard,Dorset,gdorsetmh@dot.gov,Male,226.188.170.120,China
811,Amandi,Girkins,agirkinsmi@goo.ne.jp,Female,225.255.34.111,China
812,Nerta,Kovalski,nkovalskimj@bloglovin.com,Female,138.44.8.26,China
813,Wynn,Pretsell,wpretsellmk@macromedia.com,Female,73.165.43.229,Brazil
814,Vern,Zold,vzoldml@census.gov,Male,41.23.13.226,Brazil
815,Raleigh,Spira,rspiramm@ovh.net,Male,202.29.129.193,France
816,Morry,Alaway,malawaymn@fda.gov,Male,227.74.65.90,Canada
817,Addison,Davidai,adavidaimo@marriott.com,Male,46.35.184.42,Mexico
818,Willy,Bariball,wbariballmp@discovery.com,Male,172.189.23.219,Indonesia
819,Aigneis,Caze,acazemq@home.pl,Female,139.76.123.205,Indonesia
820,Farand,de Mullett,fdemullettmr@psu.edu,Female,54.40.32.75,Brazil
821,Cristen,Leeson,cleesonms@cocolog-nifty.com,Female,221.74.76.15,Indonesia
822,Daniele,Lestor,dlestormt@purevolume.com,Female,20.232.182.73,Indonesia
823,Karmen,Brickner,kbricknermu@a8.net,Female,168.180.218.80,Bosnia and Herzegovina
824,Scottie,Feild,sfeildmv@xinhuanet.com,Male,12.7.16.159,Philippines
825,Pansie,Degoe,pdegoemw@yelp.com,Female,32.189.237.216,Indonesia
826,Mada,Wyvill,mwyvillmx@imgur.com,Female,98.231.70.170,Philippines
827,Roxine,Caffrey,rcaffreymy@ocn.ne.jp,Female,228.254.69.130,China
828,Brook,Mc Grath,bmcgrathmz@weibo.com,Male,82.189.102.231,China
829,Brooke,Kabos,bkabosn0@sciencedirect.com,Male,105.129.225.26,Czech Republic
830,Mord,Nealand,mnealandn1@va.gov,Male,207.127.179.129,Indonesia
831,Alleen,D'Ambrogi,adambrogin2@walmart.com,Female,86.114.88.185,China
832,Kasper,Roycroft,kroycroftn3@apple.com,Male,38.9.167.53,France
833,Zilvia,McGaugie,zmcgaugien4@yellowbook.com,Female,116.94.81.138,France
834,Rupert,Shewon,rshewonn5@hud.gov,Male,134.4.102.1,Malaysia
835,Jennilee,Ludgrove,jludgroven6@printfriendly.com,Female,78.144.228.156,Philippines
836,Ansell,Varah,avarahn7@com.com,Male,249.168.254.126,Botswana
837,Lazar,Crush,lcrushn8@posterous.com,Male,183.185.63.21,China
838,Nessi,Sibbson,nsibbsonn9@adobe.com,Female,144.133.18.169,Cape Verde
839,Raviv,Myall,rmyallna@google.nl,Male,184.45.15.217,China
840,Sorcha,McCarroll,smccarrollnb@moonfruit.com,Female,55.240.163.118,Philippines
841,Kilian,Hazelhurst,khazelhurstnc@bigcartel.com,Male,111.202.227.115,Mongolia
842,Sheree,Vasilechko,svasilechkond@nydailynews.com,Female,186.18.126.113,Portugal
843,Tobye,Robbey,trobbeyne@cmu.edu,Female,184.140.119.106,China
844,Lauritz,Avramovich,lavramovichnf@cloudflare.com,Male,213.24.247.151,Portugal
845,Demetra,Bathowe,dbathoweng@gnu.org,Female,172.207.166.13,Philippines
846,Sallee,Calam,scalamnh@pagesperso-orange.fr,Female,151.111.65.173,Greece
847,Erena,Bernholt,ebernholtni@1und1.de,Female,79.156.181.37,China
848,Germain,Montrose,gmontrosenj@marketwatch.com,Male,193.180.147.190,Uruguay
849,Margaret,Elwood,melwoodnk@technorati.com,Female,212.111.73.45,China
850,Anatola,Capstack,acapstacknl@ucsd.edu,Female,92.40.196.58,Russia
851,Reuven,Dressel,rdresselnm@yolasite.com,Male,1.251.53.225,Poland
852,Margalit,Hylton,mhyltonnn@narod.ru,Female,85.216.72.164,China
853,Waylin,Mellers,wmellersno@ucla.edu,Male,113.30.216.47,Poland
854,Todd,de Marco,tdemarconp@blogspot.com,Male,104.219.104.77,Russia
855,Elicia,Rearden,ereardennq@about.me,Female,97.19.142.90,Albania
856,Conney,Belloch,cbellochnr@hibu.com,Male,33.254.110.48,Uruguay
857,Edgar,Aviss,eavissns@alexa.com,Male,161.124.220.107,United States
858,Krisha,Giacobillo,kgiacobillont@dedecms.com,Male,84.178.239.122,Russia
859,Karmen,Perrett,kperrettnu@theglobeandmail.com,Female,49.139.52.188,Poland
860,Cos,Sizeland,csizelandnv@hc360.com,Male,205.165.76.71,Czech Republic
861,Fey,Joule,fjoulenw@fc2.com,Female,178.195.72.194,Sudan
862,Aldin,Spradbery,aspradberynx@washingtonpost.com,Male,207.23.30.167,China
863,Hubie,Passmore,hpassmoreny@epa.gov,Male,14.54.71.170,Portugal
864,Carling,Eminson,ceminsonnz@howstuffworks.com,Male,190.192.235.158,Guatemala
865,Jo,Parmer,jparmero0@va.gov,Male,240.16.129.124,Serbia
866,Arty,Whytock,awhytocko1@canalblog.com,Male,50.177.211.210,Saudi Arabia
867,Elvira,Laven,elaveno2@npr.org,Female,29.175.46.102,Honduras
868,Lucius,Lamball,llamballo3@economist.com,Male,24.89.155.134,United States
869,Ulysses,Oda,uodao4@flavors.me,Male,139.165.91.22,Ivory Coast
870,Koren,Siss,ksisso5@oaic.gov.au,Female,50.218.24.93,Sweden
871,Emmerich,Limon,elimono6@ebay.com,Male,120.161.122.203,Vietnam
872,Risa,Flukes,rflukeso7@cdbaby.com,Female,153.10.124.73,China
873,Lyn,Kegan,lkegano8@ocn.ne.jp,Female,223.151.70.21,China
874,Ashleigh,McHarry,amcharryo9@elpais.com,Female,138.109.48.24,Indonesia
875,Cyndie,Coulter,ccoulteroa@amazon.de,Female,234.52.94.240,Poland
876,Helaina,McSperron,hmcsperronob@gmpg.org,Female,151.14.156.166,China
877,Kristan,Janjic,kjanjicoc@walmart.com,Female,54.77.215.212,France
878,Lefty,McLaren,lmclarenod@ucsd.edu,Male,204.84.39.24,Czech Republic
879,Rickert,Penhaleurack,rpenhaleurackoe@cyberchimps.com,Male,27.219.100.1,Colombia
880,Iolanthe,Tattersdill,itattersdillof@jigsy.com,Female,70.42.172.67,Brazil
881,Gray,Bugg,gbuggog@indiegogo.com,Male,215.86.95.218,China
882,Gaylor,Pagden,gpagdenoh@alibaba.com,Male,109.111.122.205,Zimbabwe
883,Elwood,Vardon,evardonoi@unblog.fr,Male,158.37.177.92,China
884,Marv,Luckes,mluckesoj@webnode.com,Male,222.8.28.210,Czech Republic
885,Meredith,Mitchiner,mmitchinerok@cbslocal.com,Female,64.41.45.73,Indonesia
886,Krystyna,Bidewell,kbidewellol@china.com.cn,Female,97.243.76.231,France
887,Wren,Ziemsen,wziemsenom@hatena.ne.jp,Female,54.215.15.5,Japan
888,Marie,Donati,mdonation@sitemeter.com,Female,107.36.40.139,Argentina
889,Davon,O'Shiels,doshielsoo@tinypic.com,Male,234.53.68.84,Iraq
890,Nancy,Gittens,ngittensop@timesonline.co.uk,Female,53.141.195.79,China
891,Nealson,Ewins,newinsoq@bing.com,Male,244.9.248.103,China
892,Tony,Petran,tpetranor@princeton.edu,Male,140.55.239.11,Russia
893,Gabbie,Bilham,gbilhamos@ustream.tv,Female,125.182.167.16,China
894,Lia,Cossins,lcossinsot@about.com,Female,184.120.107.174,Philippines
895,Ysabel,Gunbie,ygunbieou@geocities.jp,Female,185.222.77.6,Chile
896,Stanleigh,Litt,slittov@webs.com,Male,156.13.196.96,China
897,Vite,Pymer,vpymerow@newyorker.com,Male,202.148.143.59,Brazil
898,Gilberta,Brixey,gbrixeyox@blinklist.com,Female,88.106.69.124,China
899,Romonda,McCarrick,rmccarrickoy@telegraph.co.uk,Female,66.182.229.129,France
900,Easter,Kibbye,ekibbyeoz@uiuc.edu,Female,251.213.60.194,Russia
901,Brendon,Westmarland,bwestmarlandp0@jigsy.com,Male,208.29.116.123,United States
902,Nonie,Bennet,nbennetp1@booking.com,Female,208.55.67.199,Brazil
903,Hermie,Spragg,hspraggp2@mayoclinic.com,Male,124.173.29.90,Belarus
904,Johna,Chellingworth,jchellingworthp3@alexa.com,Female,247.117.145.247,Sri Lanka
905,Aura,Proom,aproomp4@uiuc.edu,Female,79.31.122.131,France
906,Melesa,Dullingham,mdullinghamp5@blogger.com,Female,83.251.150.121,Portugal
907,Camel,Kettlesting,ckettlestingp6@fema.gov,Female,49.74.187.238,France
908,Amalee,Godrich,agodrichp7@va.gov,Female,149.240.67.83,Philippines
909,Hedwiga,Ellse,hellsep8@mozilla.com,Female,19.205.19.80,Portugal
910,Flossi,Keyser,fkeyserp9@artisteer.com,Female,232.224.106.74,Thailand
911,Ginelle,McQueen,gmcqueenpa@altervista.org,Female,80.164.92.142,Finland
912,Raff,Dobbins,rdobbinspb@huffingtonpost.com,Male,171.251.251.111,China
913,Catherine,Mechell,cmechellpc@arstechnica.com,Female,149.92.122.31,United States
914,Rutger,Vivian,rvivianpd@paginegialle.it,Male,130.19.5.48,Brazil
915,Miriam,Boyer,mboyerpe@usda.gov,Female,66.106.159.4,Cameroon
916,Poul,Saph,psaphpf@tmall.com,Male,157.199.142.49,Indonesia
917,Maximilien,Sturr,msturrpg@quantcast.com,Male,41.27.101.243,Bosnia and Herzegovina
918,Philippa,Pennaman,ppennamanph@java.com,Female,34.247.224.3,China
919,Hermina,Leman,hlemanpi@wiley.com,Female,62.128.108.31,Indonesia
920,Norry,Hyams,nhyamspj@reference.com,Male,52.236.200.10,Slovenia
921,Gus,Willox,gwilloxpk@quantcast.com,Male,219.87.16.99,South Africa
922,Ulysses,Ollin,uollinpl@a8.net,Male,192.41.120.35,Colombia
923,Rip,Parlour,rparlourpm@fastcompany.com,Male,113.173.46.108,Poland
924,Jaynell,Blackden,jblackdenpn@wp.com,Female,179.55.146.162,Gambia
925,Fabien,Marquand,fmarquandpo@w3.org,Male,117.73.208.220,Albania
926,Ellwood,Chapelhow,echapelhowpp@walmart.com,Male,203.0.155.73,Indonesia
927,Corenda,Collidge,ccollidgepq@amazonaws.com,Female,109.246.61.163,Portugal
928,Alexia,Lepick,alepickpr@geocities.com,Female,149.200.146.72,Finland
929,Joelie,Varden,jvardenps@chicagotribune.com,Female,67.18.136.122,South Africa
930,Eadmund,Fairbanks,efairbankspt@ovh.net,Male,201.168.243.164,Indonesia
931,Ronny,Nissle,rnisslepu@digg.com,Male,228.39.90.243,Brazil
932,Tally,Maccraw,tmaccrawpv@whitehouse.gov,Male,207.200.206.197,Mexico
933,Doti,Spicer,dspicerpw@auda.org.au,Female,26.242.126.212,China
934,Carce,Askham,caskhampx@instagram.com,Male,175.182.221.59,Croatia
935,Carter,Lewzey,clewzeypy@hatena.ne.jp,Male,51.10.205.14,China
936,Shawn,Mugridge,smugridgepz@dion.ne.jp,Female,240.140.161.55,Brazil
937,Isabel,Domerq,idomerqq0@ocn.ne.jp,Female,52.41.23.62,Tunisia
938,Catlaina,Brown,cbrownq1@mail.ru,Female,10.171.152.68,Indonesia
939,Fraser,Egar,fegarq2@google.ca,Male,111.231.128.124,China
940,Gabbey,Jamblin,gjamblinq3@ycombinator.com,Female,99.129.194.198,North Korea
941,Timoteo,Burris,tburrisq4@ucoz.com,Male,92.218.180.12,Belarus
942,Madge,Godsell,mgodsellq5@sourceforge.net,Female,245.239.97.45,China
943,Leodora,Bownde,lbowndeq6@hp.com,Female,29.78.215.226,China
944,Randee,O' Culligan,roculliganq7@hao123.com,Female,31.44.203.24,Jordan
945,Carmine,Duggan,cdugganq8@cam.ac.uk,Female,230.210.162.217,Iran
946,Nolan,Chadbourne,nchadbourneq9@cornell.edu,Male,168.69.115.103,China
947,Bernadina,Tinson,btinsonqa@wikispaces.com,Female,220.109.4.77,Germany
948,Thurston,Shelford,tshelfordqb@timesonline.co.uk,Male,1.47.50.115,Indonesia
949,Hilliary,Spofford,hspoffordqc@bloglovin.com,Female,121.133.198.108,Bolivia
950,Welch,Djuricic,wdjuricicqd@wikia.com,Male,229.106.2.192,China
951,Kass,Chace,kchaceqe@elpais.com,Female,58.140.214.158,Portugal
952,Filia,Axleby,faxlebyqf@amazon.co.jp,Female,221.51.227.28,Venezuela
953,Chaddie,Asplin,casplinqg@blogs.com,Male,84.13.169.38,Finland
954,Erminia,Martini,emartiniqh@wordpress.org,Female,36.197.84.130,Japan
955,Brendin,Eagell,beagellqi@qq.com,Male,147.190.44.20,Poland
956,Jerrylee,Carillo,jcarilloqj@free.fr,Female,23.63.248.6,Indonesia
957,Joey,Abramof,jabramofqk@google.co.uk,Male,248.37.174.9,China
958,Ilsa,Salla,isallaql@flavors.me,Female,36.212.223.155,Peru
959,Layney,Bonus,lbonusqm@nifty.com,Female,255.110.79.66,Uzbekistan
960,Jeffy,Castagnier,jcastagnierqn@nhs.uk,Male,68.126.20.88,Philippines
961,Isa,Beckwith,ibeckwithqo@privacy.gov.au,Male,155.188.164.154,China
962,Amii,Baudy,abaudyqp@edublogs.org,Female,160.151.99.177,Indonesia
963,Nicolai,Colleer,ncolleerqq@state.gov,Male,209.173.143.100,Czech Republic
964,Rahal,Grigor,rgrigorqr@pen.io,Female,218.220.25.2,China
965,Hulda,Morrott,hmorrottqs@ucoz.ru,Female,44.85.11.120,China
966,Penelopa,Doull,pdoullqt@cmu.edu,Female,104.136.24.60,Argentina
967,Armando,Tompkiss,atompkissqu@example.com,Male,34.216.61.78,Argentina
968,Bryana,Macura,bmacuraqv@unblog.fr,Female,238.120.172.100,Portugal
969,Anatollo,Jenman,ajenmanqw@meetup.com,Male,187.13.175.64,Poland
970,Armstrong,Stockney,astockneyqx@booking.com,Male,184.186.115.168,United States
971,Oberon,Tock,otockqy@miibeian.gov.cn,Male,231.154.63.248,Thailand
972,Marci,Creaney,mcreaneyqz@wunderground.com,Female,243.133.117.251,Ukraine
973,Ragnar,Kilsby,rkilsbyr0@rakuten.co.jp,Male,157.102.22.9,Mexico
974,Hilario,Haylands,hhaylandsr1@businessweek.com,Male,44.222.165.197,Burundi
975,Claudio,Lob,clobr2@illinois.edu,Male,184.21.104.252,Jamaica
976,Tymothy,Roman,tromanr3@bloglines.com,Male,90.216.187.211,China
977,Silvester,Doneld,sdoneldr4@nature.com,Male,216.135.81.3,Uruguay
978,Grata,Blaise,gblaiser5@discuz.net,Female,1.47.82.235,China
979,Bradan,Habbert,bhabbertr6@abc.net.au,Male,169.94.133.62,Russia
980,Silvana,Gilfillan,sgilfillanr7@51.la,Female,31.181.187.239,Djibouti
981,Fernanda,Le Grand,flegrandr8@biglobe.ne.jp,Female,52.252.9.53,Indonesia
982,Lindy,Pearson,lpearsonr9@4shared.com,Male,31.107.248.66,France
983,Jeniece,Matthew,jmatthewra@dell.com,Female,86.246.2.67,Samoa
984,Lindsey,Dallan,ldallanrb@eventbrite.com,Male,194.167.188.2,Gambia
985,Ezequiel,Siley,esileyrc@netvibes.com,Male,75.197.203.92,Afghanistan
986,Ermin,Pantridge,epantridgerd@constantcontact.com,Male,95.72.48.104,Iran
987,Bernard,Bilham,bbilhamre@kickstarter.com,Male,178.249.72.54,France
988,Shalna,Darinton,sdarintonrf@multiply.com,Female,36.174.17.252,Vietnam
989,Enrique,Coppock.,ecoppockrg@disqus.com,Male,232.71.192.133,Philippines
990,Ilyssa,Kesby,ikesbyrh@so-net.ne.jp,Female,144.176.236.174,Peru
991,Tricia,Sangwin,tsangwinri@goo.ne.jp,Female,137.92.72.209,Poland
992,Letizia,Sibborn,lsibbornrj@arstechnica.com,Female,86.80.255.202,United States
993,Maure,Cathersides,mcathersidesrk@sina.com.cn,Female,217.45.2.192,China
994,Kristos,Brunsdon,kbrunsdonrl@dropbox.com,Male,82.200.163.97,France
995,Reinold,Lavigne,rlavignerm@mail.ru,Male,166.176.188.218,Colombia
996,Glyn,Gilardi,ggilardirn@mysql.com,Male,9.66.134.64,Russia
997,Thomas,O' Borne,tobornero@typepad.com,Male,184.89.106.193,United Kingdom
998,Charmaine,Anglin,canglinrp@ycombinator.com,Female,3.187.147.227,Madagascar
999,Marketa,Viveash,mviveashrq@wisc.edu,Female,23.170.175.253,China
1000,Kenny,Henric,khenricrr@washington.edu,Male,159.32.65.139,Portugal
